epoch,steps,cosine_pearson,cosine_spearman
1.0,4000,0.9682927682820435,0.8803138716701913
2.0,8000,0.9702805540592574,0.8822262154510967
3.0,12000,0.9732431310233343,0.8853417443135625
4.0,16000,0.9726613268197526,0.8837927018670921
