epoch,steps,cosine_pearson,cosine_spearman
-1,-1,0.9633306131144901,0.8973025181867258
